[{
  "_id": {
    "$oid": "626680d213a0cb6d2050bcd5"
  },
  "title": "Syarat Terbaru Mudik Naik Pesawat Super Air Jet Mulai 20 April 2022",
  "category": "Travel",
  "tag": "Mudik",
  "banner": "Screenshot 2022-04-25 190551.png",
  "description": "Maskapai Super Air Jet merilis persyaratan dan ketentuan terbaru bagi penumpang, yang mulai berlaku pada 20 April 2022. Dengan demikian, para pemudik pada Lebaran 2022 harus mengikuti persyaratan dan ketentuan baru tersebut. \r\n\r\n“Super Air Jet menyampaikan informasi terbaru  mengenai persyaratan dan ketentuan bagi para Supers yang hendak berpergian menggunakan perjalanan udara terutama Super Air Jet,” ujar Direktur Utama Super Air Jet Ari Azhari dalam keterangan resmi, Minggu (24/4/2022). \r\n\r\nAri menyatakan, persyaratan dan ketentuan penerbangan Super Air Jet berdasarkan Surat Edaran Menteri Perhubungan Perhubungan Nomor 48 Tahun 2022 tentang Perubahan Atas Surat Edaran Menteri Perhubungan Nomor SE 36 Tahun 2022 tentang Petunjuk Perjalanan Dalam Negeri Dengan Transportasi Udara Pada Masa Pandemi Covid-19. \r\n\r\nSelain itu, persyaratan dan ketentuan tersebut telah mengacu pada addendum Surat Edaran Satuan Tugas Penanganan Covid-19 Nomor 16 Tahun 2022 tentang Ketentuan Perjalanan Orang Dalam Negeri Pada Masa Pandemi Covid-19.",
  "writer": "Kompas",
  "published_date": "2022-03-15",
  "read_count": 2
},{
  "_id": {
    "$oid": "6266819a13a0cb6d2050bcd6"
  },
  "title": "Segini Harga Hotel dari Kontainer di Bandung yang Viral dibahas Warganet Twitter",
  "category": "Travel",
  "tag": "Hotel",
  "banner": "Screenshot 2022-04-25 190908.png",
  "description": "Simak uniknya hotel dari kontainer di Bandung yang ramai dibahas warganet Twitter, berikut harga bermalamnya.\r\n\r\nHotel dari kontainer di Bandung baru-baru ini sedang ramai dibahas oleh warganet di Twitter karena kamar hotel unik untuk ditempati.\r\n\r\nMelalui akun Twitter @Widino, cuitan tentang hotel dari kontainer yang ia unggah ini mendapatkan respon yang beragam karena keunikan dan info yang ia berikan.\r\n\r\nDiketahui penginapan dengan design kontainer tersebut bernama Urban Merdeka Hotel yang terletak di jalan Merdeka Bandung.\r\n\r\nHotel di Bandung ini cukup unik untuk dijadikan tempat menginap di malam hari karena, dengan ruangan yang berasal dari kontainer ini dijadikan kamar hotel untuk menginap.\r\n\r\nTidak hanya itu, ada beberapa foto ruangan hotel sehingga warganet Twitter makin penasaran bagaimana rasanya menginap di hotel kontainer ini.",
  "writer": "BeritaDIY",
  "published_date": "2021-12-06",
  "read_count": 3
},{
  "_id": {
    "$oid": "6266821e13a0cb6d2050bcd8"
  },
  "title": "Klopp Pastikan Fokus Liverpool Tidak Terganggu Manchester City",
  "category": "Olahraga",
  "tag": "SepakBola",
  "banner": "Screenshot 2022-04-25 191157.png",
  "description": "Kemenangan tengah pekan di Arsenal mengurangi jarak di puncak menjadi hanya satu poin, dengan perjalanan ke Etihad akan datang bulan depan.\r\n\r\nDan ketika segala sesuatunya dilanjutkan setelah jeda internasional, Liverpool memiliki peluang untuk naik ke puncak untuk pertama kalinya sejak akhir September karena mereka memiliki kick-off lebih awal di kandang melawan Watford yang sedang berjuang menjauhi zona degradasi.\r\n\r\nPertarungan yang semakin intensif antara dua rival barat laut itu agak mengalihkan perhatian dari perempat final Piala FA melawan Nottingham Forest di City Ground, di mana tim papan atas Arsenal dan Leicester telah dikalahkan.\r\n\r\n\"Jika kita hanya mengurangi sedikit gas… bahkan tidak sepenuhnya, hanya sedikit, semua akan hilang. Tiga kompetisi, 'Sampai jumpa', tidak ada peluang,\" kata Klopp.",
  "writer": "LigaOlahraga",
  "published_date": "2022-02-15",
  "read_count": 2
},{
  "_id": {
    "$oid": "626682db13a0cb6d2050bcda"
  },
  "title": "Daniel Ricciardo Mengaku Menikmati Bersaing Dengan Pebalap Muda",
  "category": "Olahraga",
  "tag": "MotoGP",
  "banner": "Screenshot 2022-04-25 191506.png",
  "description": "Dalam beberapa tahun terakhir, pebalap berkebangsaan Australia itu berhadapan langsung dengan Max Verstappen dan Esteban Ocon dengan mesin yang sama, dan ia akan kembali menghadapi bintang masa depan F1 lainnya, Lando Norris di tim McLaren untuk musim 2021.\r\n\r\n“Saya selalu menikmati dan merangkul rekan satu tim baru. Bukan rahasia lagi bahwa mereka adalah saingan pertama Anda,“ kata Daniel Ricciardo dikutip dari laman resmi F1.\r\n\r\n\"Mereka selalu menjadi orang yang paling ingin Anda kalahkan karena mereka mewakili adalah pesaing Anda yang paling adil.”\r\n\r\nNamun, tahun lalu Ricciardo tampil secara dominan atas Ocon, meskipun jarak merek terlihat lebih kecil dari pada yang terlihat di klasemen akhir F1. Pebalap 31 tahun itu juga mengungkapkan hasil positif yang didapatkannya saat bekerjasama dengan pebalap muda asal Prancis tersebut.\r\n\r\n",
  "writer": "LigaOlahraga",
  "published_date": "2021-02-03",
  "read_count": 3
},{
  "_id": {
    "$oid": "626696e7f5a9d662d8b4f16c"
  },
  "title": "Penelitian: Tips Cegah Penularan Covid-19 di Dalam Kabin Mobil",
  "category": "Kesehatan",
  "tag": "VirusCorona",
  "banner": "Screenshot 2022-04-25 204010.png",
  "description": "Pemerintah mengumandangkan kampanye 3M untuk mencegah penularan Covid-19 di pubblik. Bagaimana mencegah penularan  di dalam mobil?\r\n\r\n3M adalah Memakai masker, Mencuci tangan, dan Menjaga jarak/Menghindari kerumunan. Sedangkan di dalam mobil tidak dijelaskan teknisnya, apakah harus membuka kaca jenderal.\r\n\r\nSebuah studi baru dari Brown University, Rhode Island, Inggris, berupaya menjawab pertanyaan itu.\r\n\r\nDengan menggunakan simulasi dinamika fluida komputasi yang kompleks, kuartet Varghese Mathai, Asimanshu Das, Jeffrey Bailey, dan Kenneth Breuer mempelajari bagaimana aerosol (partikel padat di udara) yang kita irup bergerak di sekitar kabin mobil.\r\n\r\nMereka juga meneliti bagaimana aliran aerosol berubah dengan berbagai jendela terbuka dan turun.\r\n\r\nHasil peneltian mereka sangat menarik. Tetapi singkatnya, pengguna mobil bisa membuka jendela jika ingin mencegah tertular virus Corona.\r\n\r\nMobil yang digunakan dalam simulasi adalah Toyota Prius. Penumpangnya duduk secara diagonal satu sama lain, seperti pengaturan umum di taksi dan tumpangan.",
  "writer": "Tempo",
  "published_date": "2021-10-21",
  "read_count": 18
},{
  "_id": {
    "$oid": "6266a26bdba0e9f66c355467"
  },
  "title": "Kasus Baru Corona 30 Januari 12.422, Kasus Aktif Kini 61.178",
  "category": "Kesehatan",
  "tag": "VirusCorona",
  "banner": "Screenshot 2022-04-25 212915.png",
  "description": "Saat ini kasus aktif berjumlah 61.718. Kasus aktif artinya pasien Corona belum sembuh atau meninggal.\r\nPemerintah juga melaporkan kasus sembuh dari Corona sebanyak 3.241 pasien, sehingga total pasien Corona yang sembuh 4.137.164 orang.\r\n\r\nSelain itu, ada 18 kasus kematian akibat Corona yang dilaporkan dalam 24 jam terakhir. Total kematian akibat virus Corona di Indonesia berjumlah 144.303 kasus.\r\n\r\nPemerintah juga melaporkan ada 7.598 suspek yang dipantau hari ini. Sedangkan jumlah spesimen yang diuji hari ini sebanyak 314.397.\r\n\r\nPemerintah terus mengimbau warga mematuhi protokol kesehatan demi mencegah COVID-19, yakni mengenakan masker, mencuci tangan menggunakan sabun dengan air yang mengalir, serta menjaga jarak.\r\n\r\nPemerintah telah menerapkan pemberlakuan pembatasan kegiatan masyarakat (PPKM) level 1 hingga 4 untuk menekan laju penyebaran Corona. Warga diminta mematuhi aturan yang diberlakukan selama PPKM agar pandemi virus Corona dapat teratasi.\r\n\r\nSelain itu, pemerintah mengimbau warga segera mengikuti vaksinasi Corona yang digelar secara gratis. Pemerintah juga telah memulai vaksinasi Corona dosis ketiga atau booster.",
  "writer": "DetikNews",
  "published_date": "2021-01-30",
  "read_count": 15
},{
  "_id": {
    "$oid": "6266a3c2dba0e9f66c355469"
  },
  "title": "Ada Mudik, Garuda Targetkan Penjualan Tiket di Online Travel Fair Naik 40 Persen",
  "category": "Travel",
  "tag": "Mudik",
  "banner": "Screenshot 2022-04-25 213502.png",
  "description": "Vice President Corporate & Channel Management Garuda Indonesia Arsena Permasadhi memprediksi penjualan tiket maskapai di perhelatan Garuda Online Travel Fair akan meningkat 40 persen ketimbang periode sebelumnya. Peningkatan terjadi karena program tersebut berbarengan dengan momentum mudik Lebaran.\r\n\r\nBerbeda dengan dua tahun sebelumnya, pemerintah kali ini tidak mengeluarkan larangan atau pembatasan perjalanan pulang kampung. Bahkan, pemerintah melonggarkan syarat perjalanan baik bagi penumpang rute lokal maupun luar negeri.\r\n\r\n“Proyeksi ini cukup menarik. Menjadi suatu blessing karena sejak awal Maret, ada relaksasi perjalanan baik untuk domestik maupun internasional,” ujar Arsena dalam konferensi pers virtual, Kamis, 31 Maret 2022.\r\n\r\nGelaran Garuda Online Travel Fair berlangsung mulai 4 hingga 10 April 2022. Dalam perhelatan tersebut, perseroan menebar diskon harga tiket pesawat hingga 70 persen. Maskapai juga memberikan tambahan promo untuk penumpang yang bertransaksi menggunakan Bank BNI, seperti cashback sampai Rp 1,5 juta dan cicilan 0 persen.\r\n\r\nEmiten berkode GIAA itu mencatat, tren pertumbuhan penumpang mulai terlihat menjelang Ramadan. Maskapai telah ancang-ancang mengaktifkan kembali jadwal penerbangan yang sempat vakum khususnya di rute favorit, seperti Bali.",
  "writer": "Tempo",
  "published_date": "2021-03-31",
  "read_count": 8
}]